{"loss": 0.14421583712100983, "R@1": 0.6712581478292953, "R@2": 0.771491821424179, "R@4": 0.8497109826589595, "R@8": 0.9073914647644816, "R@16": 0.9452711843561677, "R@32": 0.9663018078957077, "_step": 59, "_runtime": 10341, "_timestamp": 1613933693}