{"loss": 1.023258924484253, "R@1": 0.4575083015619235, "R@2": 0.5839380150043045, "R@4": 0.7000368958307711, "R@8": 0.7997786250153732, "R@16": 0.8874677161480753, "R@32": 0.94293444840733, "_step": 0, "_runtime": 287, "_timestamp": 1613534004}