{"loss": 1.4299908876419067, "R@1": 0.44766941335629074, "R@2": 0.5740991267986717, "R@4": 0.6890911327020047, "R@8": 0.7896937646045997, "R@16": 0.8791046611732874, "R@32": 0.9370311154839503, "_step": 0, "_runtime": 287, "_timestamp": 1613534405}