{"loss": 10.008235931396484, "R@1": 0.03529701143770754, "R@2": 0.05792645431066289, "R@4": 0.09740499323576436, "R@8": 0.15889804452096912, "R@16": 0.2508916492436355, "R@32": 0.3917107366867544, "_step": 34, "_runtime": 6541, "_timestamp": 1614078678}