{"loss": 0.26689890027046204, "R@1": 0.04845652441274136, "R@2": 0.08043291108104784, "R@4": 0.12716763005780346, "R@8": 0.20415693026687984, "R@16": 0.31213872832369943, "R@32": 0.4677161480752675, "_step": 2, "_runtime": 635, "_timestamp": 1614016290}