{"loss": 0.29674607515335083, "R@1": 0.17316443241913665, "R@2": 0.25581109334645186, "R@4": 0.36022629442872955, "R@8": 0.4936662157176239, "R@16": 0.6333784282376091, "R@32": 0.768171196654778, "_step": 17, "_runtime": 3655, "_timestamp": 1614887558}