{"loss": 0.07177194207906723, "R@1": 0.7284466855245357, "R@2": 0.8187184848112163, "R@4": 0.8815643832246957, "R@8": 0.9251014635346206, "R@16": 0.9549870864592301, "R@32": 0.9729430574345099, "_step": 99, "_runtime": 19673, "_timestamp": 1612831569}