{"loss": 0.05141313001513481, "R@1": 0.01377444348788587, "R@2": 0.02398229000122986, "R@4": 0.046488746771614804, "R@8": 0.08854999385069487, "R@16": 0.1713196408805805, "R@32": 0.3030377567334891, "_step": 23, "_runtime": 4084, "_timestamp": 1614245012}