{"loss": 0.05688641592860222, "R@1": 0.6833107858811954, "R@2": 0.7816996679375231, "R@4": 0.8580740376337473, "R@8": 0.9107120895338827, "R@16": 0.9460091009715902, "R@32": 0.968146599434264, "_step": 59, "_runtime": 12822, "_timestamp": 1614971247}