{"loss": 11.800426483154297, "R@1": 0.06112409297749354, "R@2": 0.09445332677407453, "R@4": 0.13897429590456278, "R@8": 0.2178083876521953, "R@16": 0.32874185217070473, "R@32": 0.4833353831017095, "_step": 0, "_runtime": 298, "_timestamp": 1612777510}