{"loss": 0.07705144584178925, "R@1": 0.7107366867543967, "R@2": 0.8021153609642111, "R@4": 0.8658221620956832, "R@8": 0.9152625753289878, "R@16": 0.9488377813307096, "R@32": 0.9707293075882425, "_step": 59, "_runtime": 12291, "_timestamp": 1614007812}