{"loss": 0.0769583061337471, "R@1": 0.7066781453695732, "R@2": 0.8023613331693519, "R@4": 0.8695117451727955, "R@8": 0.9153855614315582, "R@16": 0.9479768786127167, "R@32": 0.9710982658959537, "_step": 59, "_runtime": 15239, "_timestamp": 1614342015}