{"loss": 0.07679647207260132, "R@1": 0.6530562046488747, "R@2": 0.7564875169105891, "R@4": 0.8367974418890666, "R@8": 0.8963227155331448, "R@16": 0.938137990407084, "R@32": 0.963350141434018, "_step": 59, "_runtime": 13161, "_timestamp": 1614755691}