{"loss": 0.10362938046455383, "R@1": 0.5210921165908252, "R@2": 0.6416184971098265, "R@4": 0.7443118927561185, "R@8": 0.8295412618374124, "R@16": 0.8932480629688845, "R@32": 0.940228754150781, "_step": 59, "_runtime": 13049, "_timestamp": 1614705456}