{"loss": 0.04918144643306732, "R@1": 0.5935309310047965, "R@2": 0.7069241175747141, "R@4": 0.7983027917845283, "R@8": 0.8702496617882179, "R@16": 0.9212888943549379, "R@32": 0.9579387529209199, "_step": 59, "_runtime": 10270, "_timestamp": 1613739389}