{"loss": 0.10328357666730881, "R@1": 0.6877382855737302, "R@2": 0.7826835567580863, "R@4": 0.8554913294797688, "R@8": 0.910220145123601, "R@16": 0.9455171565613085, "R@32": 0.9696224326651088, "_step": 59, "_runtime": 10377, "_timestamp": 1613884195}