{"loss": 0.04629546403884888, "R@1": 0.5238014854827819, "R@2": 0.6524307900067522, "R@4": 0.7570898041863605, "R@8": 0.8470627954085078, "R@16": 0.911883862255233, "R@32": 0.9502025658338961, "_step": 59, "_runtime": 5901, "_timestamp": 1614814785}