{"loss": 0.052407607436180115, "R@1": 0.014389374000737917, "R@2": 0.02681097036034928, "R@4": 0.05128520477186078, "R@8": 0.0940843684663633, "R@16": 0.17623908498339688, "R@32": 0.31004796458000244, "_step": 13, "_runtime": 2600, "_timestamp": 1614081399}