{"loss": 11.799479484558105, "R@1": 0.1056450621079818, "R@2": 0.14131103185340058, "R@4": 0.1817734595990653, "R@8": 0.22764727585782807, "R@16": 0.301192965194933, "R@32": 0.42590087320132824, "_step": 2, "_runtime": 700, "_timestamp": 1612769937}