{"loss": 0.049662645906209946, "R@1": 0.6699053007010208, "R@2": 0.774197515680728, "R@4": 0.8468823022998401, "R@8": 0.9017341040462428, "R@16": 0.9428114623047595, "R@32": 0.9670397245111303, "_step": 59, "_runtime": 9793, "_timestamp": 1612427263}