{"loss": 11.821895599365234, "R@1": 0.028778748001475833, "R@2": 0.05005534374615669, "R@4": 0.08535235518386422, "R@8": 0.14340179559709754, "R@16": 0.2385930389865945, "R@32": 0.38826712581478295, "_step": 15, "_runtime": 3329, "_timestamp": 1612773877}