{"loss": 3.261310338973999, "R@1": 0.30869511745172795, "R@2": 0.41434017955970975, "R@4": 0.5335137129504366, "R@8": 0.6530562046488747, "R@16": 0.7616529332185463, "R@32": 0.8479891772229738, "_step": 2, "_runtime": 570, "_timestamp": 1613635017}