{"loss": 0.4227539300918579, "R@1": 0.6428483581355307, "R@2": 0.7545197392694626, "R@4": 0.8439306358381503, "R@8": 0.9059156315336367, "R@16": 0.9468700036895831, "R@32": 0.9751568072807772, "_step": 59, "_runtime": 9842, "_timestamp": 1612706806}