{"loss": 0.05891033634543419, "R@1": 0.7266018939859796, "R@2": 0.8120772352724143, "R@4": 0.8736932726601894, "R@8": 0.9195670889189521, "R@16": 0.9532652810232444, "R@32": 0.9749108350756365, "_step": 59, "_runtime": 15454, "_timestamp": 1614950064}