{"loss": 0.046803005039691925, "R@1": 0.5654900996187431, "R@2": 0.6822039109580618, "R@4": 0.7807157791169598, "R@8": 0.8526626491206494, "R@16": 0.9068995203542, "R@32": 0.9479768786127167, "_step": 59, "_runtime": 10123, "_timestamp": 1613663577}