{"loss": 0.047047995030879974, "R@1": 0.5652441274136023, "R@2": 0.6844176608043291, "R@4": 0.7819456401426639, "R@8": 0.8583200098388882, "R@16": 0.9115729922518755, "R@32": 0.9485918091255688, "_step": 58, "_runtime": 9645, "_timestamp": 1613649263}