{"loss": 0.048130977898836136, "R@1": 0.6747017587012668, "R@2": 0.7729676546550239, "R@4": 0.8486041077358258, "R@8": 0.9002582708153979, "R@16": 0.9377690320993728, "R@32": 0.966055835690567, "_step": 59, "_runtime": 15100, "_timestamp": 1614986603}