{"loss": 0.05079492926597595, "R@1": 0.6994219653179191, "R@2": 0.7880949452711844, "R@4": 0.8545074406592055, "R@8": 0.9100971590210306, "R@16": 0.9449022260484565, "R@32": 0.9699913909728201, "_step": 59, "_runtime": 13663, "_timestamp": 1614901267}