{"loss": 0.059472762048244476, "R@1": 0.6353462058787357, "R@2": 0.7438199483458369, "R@4": 0.8253597343500184, "R@8": 0.89189521584061, "R@16": 0.9351863239453941, "R@32": 0.9632271553314475, "_step": 59, "_runtime": 10323, "_timestamp": 1613817771}