{"loss": 0.05032564699649811, "R@1": 0.7033575206001722, "R@2": 0.7936293198868528, "R@4": 0.8605337596851556, "R@8": 0.9105891034313123, "R@16": 0.9449022260484565, "R@32": 0.9696224326651088, "_step": 59, "_runtime": 15683, "_timestamp": 1614934152}