{"loss": 0.07613904029130936, "R@1": 0.7113516172672488, "R@2": 0.8029762636822039, "R@4": 0.8700036895830772, "R@8": 0.9182142417906777, "R@16": 0.9540031976386668, "R@32": 0.9730660435370803, "_step": 59, "_runtime": 11913, "_timestamp": 1612947949}