{"loss": 3.880399465560913, "R@1": 0.8536465379412126, "R@2": 0.9151395892264174, "R@4": 0.9479768786127167, "R@8": 0.968761529947116, "R@16": 0.9827819456401427, "R@32": 0.9906530562046488, "_step": 59, "_runtime": 9775, "_timestamp": 1612595077}