{"loss": 0.055094990879297256, "R@1": 0.3139835198622556, "R@2": 0.42713073422703235, "R@4": 0.5558971836182511, "R@8": 0.6780223834706678, "R@16": 0.7932603615791416, "R@32": 0.8883286188660682, "_step": 0, "_runtime": 169, "_timestamp": 1614740639}