{"loss": 0.07121464610099792, "R@1": 0.7208215471651703, "R@2": 0.8074037633747386, "R@4": 0.8713565367113516, "R@8": 0.9174763251752552, "R@16": 0.9490837535358504, "R@32": 0.9699913909728201, "_step": 99, "_runtime": 20063, "_timestamp": 1613344037}