{"loss": 0.10137560218572617, "R@1": 0.6332554421350387, "R@2": 0.7361948099864716, "R@4": 0.8166277210675194, "R@8": 0.8767679252244497, "R@16": 0.9210429221497971, "R@32": 0.9563399335875046, "_step": 38, "_runtime": 7856, "_timestamp": 1614958263}