{"loss": 0.0984058529138565, "R@1": 0.6596974541876768, "R@2": 0.7698930020907637, "R@4": 0.8395031361456156, "R@8": 0.8958307711228631, "R@16": 0.9351863239453941, "R@32": 0.9613823637928914, "_step": 59, "_runtime": 10329, "_timestamp": 1613831941}