{"loss": 0.05575643479824066, "R@1": 0.5724172856178258, "R@2": 0.6831532748143146, "R@4": 0.7813977042538826, "R@8": 0.8575286968264686, "R@16": 0.9132343011478731, "R@32": 0.950877785280216, "_step": 59, "_runtime": 6235, "_timestamp": 1615130541}