{"loss": 0.22448217868804932, "R@1": 0.6533021768540155, "R@2": 0.7571024474234411, "R@4": 0.8356905669659328, "R@8": 0.894600910097159, "R@16": 0.9358012544582462, "R@32": 0.9615053498954618, "_step": 59, "_runtime": 10295, "_timestamp": 1613944534}