{"loss": 0.047583241015672684, "R@1": 0.5288402410527611, "R@2": 0.6406346082892633, "R@4": 0.7477555036280901, "R@8": 0.8329848727093838, "R@16": 0.9008732013282499, "R@32": 0.9439183372278932, "_step": 12, "_runtime": 2702, "_timestamp": 1612776629}