{"loss": 0.04705779254436493, "R@1": 0.5428764348413234, "R@2": 0.6573261309925725, "R@4": 0.7648548278190412, "R@8": 0.8430114787305875, "R@16": 0.9064821066846726, "R@32": 0.9441255908170155, "_step": 59, "_runtime": 6252, "_timestamp": 1615104425}