{"loss": 1.028017282485962, "R@1": 0.7555036280900258, "R@2": 0.8391341778379043, "R@4": 0.8981675070717009, "R@8": 0.9367851432788095, "R@16": 0.9631041692288771, "R@32": 0.9810601402041569, "_step": 59, "_runtime": 12366, "_timestamp": 1613573109}