{"loss": 0.04673067852854729, "R@1": 0.5199189736664416, "R@2": 0.6412896691424713, "R@4": 0.7462862930452397, "R@8": 0.8317015530047266, "R@16": 0.8983794733288318, "R@32": 0.9404118838622553, "_step": 59, "_runtime": 6180, "_timestamp": 1615071511}