{"loss": 0.04714817926287651, "R@1": 0.5785266264912065, "R@2": 0.6937646045996803, "R@4": 0.7872340425531915, "R@8": 0.8588119542491699, "R@16": 0.9144016726109949, "R@32": 0.9499446562538433, "_step": 59, "_runtime": 12892, "_timestamp": 1614282674}