{"loss": 0.07237212359905243, "R@1": 0.734841962858197, "R@2": 0.8216701512729062, "R@4": 0.8845160496863854, "R@8": 0.9278071577911696, "R@16": 0.9576927807157791, "R@32": 0.9752797933833477, "_step": 99, "_runtime": 19793, "_timestamp": 1612988022}