{"loss": 0.04734228551387787, "R@1": 0.6242774566473989, "R@2": 0.7269708522936909, "R@4": 0.8098634854261468, "R@8": 0.878981675070717, "R@16": 0.9259623662526134, "R@32": 0.9576927807157791, "_step": 59, "_runtime": 15126, "_timestamp": 1615026910}