{"loss": 3.2653462886810303, "R@1": 0.28692657729676546, "R@2": 0.399704833353831, "R@4": 0.5175255196162833, "R@8": 0.6460459968023613, "R@16": 0.7577173779362932, "R@32": 0.8489730660435371, "_step": 2, "_runtime": 565, "_timestamp": 1613635650}