{"loss": 0.4204346239566803, "R@1": 0.35936539171073667, "R@2": 0.47214364776780227, "R@4": 0.5866437092608535, "R@8": 0.6959783544459476, "R@16": 0.8029762636822039, "R@32": 0.890419382609765, "_step": 16, "_runtime": 3537, "_timestamp": 1612757948}