{"loss": 0.04651235044002533, "R@1": 0.6336244004427499, "R@2": 0.7345959906530563, "R@4": 0.8134300824006887, "R@8": 0.8759070225064568, "R@16": 0.9239945886114869, "R@32": 0.9569548641003567, "_step": 99, "_runtime": 19850, "_timestamp": 1613400541}