{"loss": 0.5084592700004578, "R@1": 0.7772721682449883, "R@2": 0.85586028778748, "R@4": 0.9080063952773336, "R@8": 0.9441643094330341, "R@16": 0.9672856967162711, "R@32": 0.9809371541015866, "_step": 59, "_runtime": 10228, "_timestamp": 1613600556}