{"loss": 0.008255056105554104, "R@1": 0.21682449883163202, "R@2": 0.3117697700159882, "R@4": 0.41938260976509656, "R@8": 0.5434755872586398, "R@16": 0.6657237732136269, "R@32": 0.7842823760915016, "_step": 3, "_runtime": 876, "_timestamp": 1613358026}