{"loss": 0.35985395312309265, "R@1": 0.23318165047349648, "R@2": 0.3288648382732751, "R@4": 0.44508670520231214, "R@8": 0.570286557618989, "R@16": 0.7001598819333416, "R@32": 0.812938137990407, "_step": 7, "_runtime": 1676, "_timestamp": 1613360296}