{"loss": 1.6216259002685547, "R@1": 0.01857090148813184, "R@2": 0.032960275488869754, "R@4": 0.0566965932849588, "R@8": 0.10134054851801746, "R@16": 0.18324929282991023, "R@32": 0.31804206124707907, "_step": 59, "_runtime": 11478, "_timestamp": 1614034056}