{"loss": 1.0060783624649048, "R@1": 0.7494773090640757, "R@2": 0.8335998032222359, "R@4": 0.8873447300455048, "R@8": 0.9292829910220145, "R@16": 0.9579387529209199, "R@32": 0.9767556266141926, "_step": 14, "_runtime": 3015, "_timestamp": 1613557278}