{"loss": 0.047223322093486786, "R@1": 0.6172672488008855, "R@2": 0.7224203664985857, "R@4": 0.8028532775796335, "R@8": 0.8688968146599434, "R@16": 0.9193211167138113, "R@32": 0.9554790308695117, "_step": 59, "_runtime": 14916, "_timestamp": 1615042532}