{"loss": 0.34660062193870544, "R@1": 0.13171811585290863, "R@2": 0.19235026442012051, "R@4": 0.28483581355306853, "R@8": 0.4006887221743943, "R@16": 0.5364653794121265, "R@32": 0.6845406469068995, "_step": 1, "_runtime": 486, "_timestamp": 1613485288}