{"loss": 0.49285003542900085, "R@1": 0.09100971590210306, "R@2": 0.1329479768786127, "R@4": 0.19407206985610626, "R@8": 0.2816381748862379, "R@16": 0.4006887221743943, "R@32": 0.5689337104907145, "_step": 1, "_runtime": 495, "_timestamp": 1612751841}