{"loss": 3.0323591232299805, "R@1": 0.3041446316566228, "R@2": 0.4166769155085475, "R@4": 0.5277333661296274, "R@8": 0.6526872463411635, "R@16": 0.7692780715779117, "R@32": 0.8591809125568811, "_step": 23, "_runtime": 3935, "_timestamp": 1613639590}