{"loss": 0.07059169560670853, "R@1": 0.7236502275242898, "R@2": 0.8096175132210061, "R@4": 0.8751691058910344, "R@8": 0.923133685893494, "R@16": 0.9526503505103924, "R@32": 0.9736809740499324, "_step": 99, "_runtime": 20143, "_timestamp": 1613380591}