{"loss": 0.06902461498975754, "R@1": 0.7193457139343254, "R@2": 0.8085106382978723, "R@4": 0.876275980814168, "R@8": 0.926700282868036, "R@16": 0.9575697946132087, "R@32": 0.9771245849219038, "_step": 99, "_runtime": 19761, "_timestamp": 1612809656}