{"loss": 12.322613716125488, "R@1": 0.08818103554298365, "R@2": 0.12839749108350756, "R@4": 0.18779977862501537, "R@8": 0.27499692534743575, "R@16": 0.39232566719960643, "R@32": 0.5448284343869143, "_step": 1, "_runtime": 497, "_timestamp": 1612769108}