{"loss": 0.046814121305942535, "R@1": 0.5820932234657483, "R@2": 0.6969622432665109, "R@4": 0.793998278194564, "R@8": 0.8648382732751199, "R@16": 0.9199360472266633, "R@32": 0.9541261837412373, "_step": 59, "_runtime": 9765, "_timestamp": 1612363559}