{"loss": 0.11269692331552505, "R@1": 0.49831195138419987, "R@2": 0.6201890614449697, "R@4": 0.7361580013504389, "R@8": 0.8271438217420661, "R@16": 0.8916272788656313, "R@32": 0.9380486158001351, "_step": 59, "_runtime": 6171, "_timestamp": 1615144075}