{"loss": 0.05513928458094597, "R@1": 0.687369327266019, "R@2": 0.788586889681466, "R@4": 0.8617636207108597, "R@8": 0.9134177837904317, "R@16": 0.9463780592793014, "R@32": 0.9682695855368343, "_step": 59, "_runtime": 10362, "_timestamp": 1613980770}