{"loss": 0.046692635864019394, "R@1": 0.6224326651088427, "R@2": 0.7259869634731275, "R@4": 0.8118312630672734, "R@8": 0.8760300086090271, "R@16": 0.9248554913294798, "R@32": 0.9551100725618005, "_step": 99, "_runtime": 19622, "_timestamp": 1612865705}