{"loss": 41.358158111572266, "R@1": 0.08854999385069487, "R@2": 0.12729061616037388, "R@4": 0.18644693149674088, "R@8": 0.27536588365514697, "R@16": 0.3907268478661911, "R@32": 0.548026073053745, "_step": 1, "_runtime": 501, "_timestamp": 1612768423}