{"loss": 0.08936149626970291, "R@1": 0.660066412495388, "R@2": 0.7626368220391095, "R@4": 0.8425777887098758, "R@8": 0.9016111179436723, "R@16": 0.9417045873816259, "R@32": 0.9659328495879965, "_step": 59, "_runtime": 9784, "_timestamp": 1612454264}