{"loss": 0.3836837112903595, "R@1": 0.7007748124461936, "R@2": 0.8077727216824498, "R@4": 0.8784897306604353, "R@8": 0.9301438937400074, "R@16": 0.9617513221006027, "R@32": 0.9817980568195794, "_step": 59, "_runtime": 9833, "_timestamp": 1612731667}