{"loss": 0.047168247401714325, "R@1": 0.5657360718238839, "R@2": 0.6830648136760546, "R@4": 0.7826835567580863, "R@8": 0.8580740376337473, "R@16": 0.9128028532775796, "R@32": 0.9524043783052515, "_step": 59, "_runtime": 10110, "_timestamp": 1614104032}