{"loss": 0.07572442293167114, "R@1": 0.7111056450621079, "R@2": 0.8016234165539294, "R@4": 0.8697577173779363, "R@8": 0.9191981306112409, "R@16": 0.9490837535358504, "R@32": 0.9707293075882425, "_step": 59, "_runtime": 11917, "_timestamp": 1613049580}