{"loss": 0.046819936484098434, "R@1": 0.6194809986471529, "R@2": 0.7238961997294305, "R@4": 0.8096175132210061, "R@8": 0.8757840364038864, "R@16": 0.9226417414832124, "R@32": 0.9533882671258148, "_step": 99, "_runtime": 19986, "_timestamp": 1613471991}