{"loss": 0.059444691985845566, "R@1": 0.5555367994598245, "R@2": 0.674037812288994, "R@4": 0.7770087778528022, "R@8": 0.8575286968264686, "R@16": 0.9193112761647535, "R@32": 0.9534098582039163, "_step": 59, "_runtime": 7053, "_timestamp": 1614808785}