{"loss": 0.07343710958957672, "R@1": 0.6828188414709138, "R@2": 0.7825605706555159, "R@4": 0.853154593530931, "R@8": 0.9043168122002214, "R@16": 0.9412126429713442, "R@32": 0.9685155577419752, "_step": 59, "_runtime": 12321, "_timestamp": 1613322825}