{"loss": 0.05023328214883804, "R@1": 0.3016849096052146, "R@2": 0.40708399950805557, "R@4": 0.5260115606936416, "R@8": 0.6494896076743328, "R@16": 0.7636207108596729, "R@32": 0.8586889681465995, "_step": 0, "_runtime": 166, "_timestamp": 1612353636}