{"loss": 0.18869921565055847, "R@1": 0.013841998649561107, "R@2": 0.026839972991222146, "R@4": 0.051823092505064144, "R@8": 0.10229574611748818, "R@16": 0.18028359216745443, "R@32": 0.3225860904794058, "_step": 47, "_runtime": 4503, "_timestamp": 1614883822}