{"loss": 0.04667661339044571, "R@1": 0.5263335584064821, "R@2": 0.6456785955435517, "R@4": 0.7486495611073599, "R@8": 0.8328831870357867, "R@16": 0.8916272788656313, "R@32": 0.9409182984469953, "_step": 59, "_runtime": 6504, "_timestamp": 1615064555}