{"loss": 0.1679960936307907, "R@1": 0.02164555405239208, "R@2": 0.038986594514819825, "R@4": 0.06813430082400689, "R@8": 0.12126429713442381, "R@16": 0.21079817980568197, "R@32": 0.35223219776165293, "_step": 58, "_runtime": 10784, "_timestamp": 1614769518}