{"loss": 0.42273709177970886, "R@1": 0.672979953265281, "R@2": 0.7815766818349527, "R@4": 0.8613946624031484, "R@8": 0.919813061124093, "R@16": 0.9536342393309556, "R@32": 0.9797072930758824, "_step": 59, "_runtime": 9580, "_timestamp": 1612687862}