{"loss": 0.42543962597846985, "R@1": 0.3134915754519739, "R@2": 0.41950559586766695, "R@4": 0.5418767679252244, "R@8": 0.6630180789570779, "R@16": 0.7847743205017833, "R@32": 0.8823022998401181, "_step": 27, "_runtime": 5782, "_timestamp": 1612767633}