{"loss": 0.09405892342329025, "R@1": 0.6482597466486287, "R@2": 0.7514450867052023, "R@4": 0.8350756364530808, "R@8": 0.8922641741483213, "R@16": 0.9345713934325421, "R@32": 0.9631041692288771, "_step": 59, "_runtime": 10393, "_timestamp": 1613842711}