{"loss": 0.049470823258161545, "R@1": 0.5479405806887239, "R@2": 0.6681296421336934, "R@4": 0.7662052667116813, "R@8": 0.849594868332208, "R@16": 0.9015867656988521, "R@32": 0.9432815665091154, "_step": 59, "_runtime": 6211, "_timestamp": 1615113163}