{"loss": 0.6592812538146973, "R@1": 0.26946255073176734, "R@2": 0.36674455786496124, "R@4": 0.48136760546058294, "R@8": 0.6010330832615914, "R@16": 0.7264789078834092, "R@32": 0.8307711228631165, "_step": 1, "_runtime": 488, "_timestamp": 1613450896}