{"loss": 0.4321651756763458, "R@1": 0.16295658590579265, "R@2": 0.2292460951912434, "R@4": 0.3225925470421842, "R@8": 0.4304513589964334, "R@16": 0.5589718361825113, "R@32": 0.7038494650104539, "_step": 17, "_runtime": 3751, "_timestamp": 1612761757}