{"loss": 0.06274433434009552, "R@1": 0.5545239702903444, "R@2": 0.6684672518568535, "R@4": 0.7685685347738015, "R@8": 0.8538149898717083, "R@16": 0.9105334233625928, "R@32": 0.9523970290344362, "_step": 59, "_runtime": 6244, "_timestamp": 1614855037}