{"loss": 0.04687216877937317, "R@1": 0.5772967654655023, "R@2": 0.6900750215225679, "R@4": 0.7839134177837904, "R@8": 0.8552453572746279, "R@16": 0.9121879227647276, "R@32": 0.9514204894846883, "_step": 59, "_runtime": 12159, "_timestamp": 1614205242}