{"loss": 0.06519090384244919, "R@1": 0.7028655761898905, "R@2": 0.7969499446562538, "R@4": 0.8669290370188169, "R@8": 0.917107366867544, "R@16": 0.9514204894846883, "R@32": 0.9723281269216578, "_step": 59, "_runtime": 9948, "_timestamp": 1612514472}