{"loss": 0.32860642671585083, "R@1": 0.24818595498708645, "R@2": 0.3415324068380273, "R@4": 0.45172795474111427, "R@8": 0.5700405854138483, "R@16": 0.6997909236256303, "R@32": 0.806911818964457, "_step": 33, "_runtime": 6851, "_timestamp": 1614691784}