{"loss": 0.07157961279153824, "R@1": 0.7043414094207354, "R@2": 0.7953511253228385, "R@4": 0.8639773705571271, "R@8": 0.9126798671750093, "R@16": 0.9478538925101464, "R@32": 0.9710982658959537, "_step": 59, "_runtime": 12001, "_timestamp": 1612789703}