{"loss": 12.14267635345459, "R@1": 0.4422580248431927, "R@2": 0.5614315582339195, "R@4": 0.6790062722912311, "R@8": 0.7899397368097405, "R@16": 0.879596605583569, "R@32": 0.943549378920182, "_step": 0, "_runtime": 298, "_timestamp": 1612770359}