{"loss": 0.04704182967543602, "R@1": 0.5530685032591317, "R@2": 0.6734718976755627, "R@4": 0.7706309187061862, "R@8": 0.8505718853769524, "R@16": 0.9113270200467347, "R@32": 0.948345836920428, "_step": 59, "_runtime": 10215, "_timestamp": 1614093325}