{"loss": 0.41274768114089966, "R@1": 0.42602385930389863, "R@2": 0.5451973926946255, "R@4": 0.6649858565982044, "R@8": 0.7764112655269955, "R@16": 0.8625015373262821, "R@32": 0.9301438937400074, "_step": 13, "_runtime": 2443, "_timestamp": 1612754309}