{"loss": 0.07973113656044006, "R@1": 0.6745787725986964, "R@2": 0.7729676546550239, "R@4": 0.8497109826589595, "R@8": 0.9025950067642357, "R@16": 0.9394908375353586, "R@32": 0.966670766203419, "_step": 59, "_runtime": 14139, "_timestamp": 1613073334}