{"loss": 0.06485620141029358, "R@1": 0.6922887713688354, "R@2": 0.791292583938015, "R@4": 0.8687738285573731, "R@8": 0.9166154224572624, "R@16": 0.9503136145615545, "R@32": 0.9707293075882425, "_step": 59, "_runtime": 13036, "_timestamp": 1614305557}