{"loss": 0.38233256340026855, "R@1": 0.6994219653179191, "R@2": 0.8022383470667814, "R@4": 0.8794736194809987, "R@8": 0.931250768663141, "R@16": 0.9638420858442996, "R@32": 0.9830279178452834, "_step": 59, "_runtime": 9825, "_timestamp": 1612718421}