{"loss": 0.04719964787364006, "R@1": 0.5797564875169106, "R@2": 0.6942565490099619, "R@4": 0.7857582093223465, "R@8": 0.8575820932234658, "R@16": 0.9107120895338827, "R@32": 0.948345836920428, "_step": 59, "_runtime": 11683, "_timestamp": 1614256729}