{"loss": 0.06561460345983505, "R@1": 0.6835567580863362, "R@2": 0.7816996679375231, "R@4": 0.8534005657360718, "R@8": 0.910220145123601, "R@16": 0.9455171565613085, "R@32": 0.9680236133316935, "_step": 59, "_runtime": 12925, "_timestamp": 1614729616}