{"loss": 0.08331158757209778, "R@1": 0.4900405131667792, "R@2": 0.6073598919648886, "R@4": 0.7172518568534774, "R@8": 0.8033423362592843, "R@16": 0.8804861580013504, "R@32": 0.9264010803511141, "_step": 58, "_runtime": 4984, "_timestamp": 1614879011}