{"loss": 0.047228001058101654, "R@1": 0.6453080801869389, "R@2": 0.7477555036280901, "R@4": 0.8226540400934694, "R@8": 0.8847620218915263, "R@16": 0.9308818103554298, "R@32": 0.9599065305620464, "_step": 59, "_runtime": 15223, "_timestamp": 1615009927}