{"loss": 0.5125513672828674, "R@1": 0.48013774443487883, "R@2": 0.6054605829541262, "R@4": 0.7193457139343254, "R@8": 0.8194564014266388, "R@16": 0.8975525765588489, "R@32": 0.9478538925101464, "_step": 3, "_runtime": 733, "_timestamp": 1613589215}