{"loss": 0.0470987893640995, "R@1": 0.5806173902349034, "R@2": 0.6893371049071455, "R@4": 0.7855122371172057, "R@8": 0.8583200098388882, "R@16": 0.9125568810724388, "R@32": 0.9549870864592301, "_step": 59, "_runtime": 11689, "_timestamp": 1612555676}