{"loss": 0.04684997722506523, "R@1": 0.5138419986495611, "R@2": 0.6424713031735314, "R@4": 0.7521944632005402, "R@8": 0.8382849426063471, "R@16": 0.8992234976367319, "R@32": 0.9419311276164753, "_step": 59, "_runtime": 6404, "_timestamp": 1614836304}