{"loss": 0.07351850718259811, "R@1": 0.7390234903455909, "R@2": 0.8221620956831878, "R@4": 0.8823022998401181, "R@8": 0.9235026442012053, "R@16": 0.9541261837412373, "R@32": 0.9739269462550731, "_step": 199, "_runtime": 39681, "_timestamp": 1612916445}