{"loss": 0.5080724358558655, "R@1": 0.8003935555282253, "R@2": 0.8718484811216333, "R@4": 0.9220268109703603, "R@8": 0.9531422949206739, "R@16": 0.9729430574345099, "R@32": 0.9859795843069733, "_step": 58, "_runtime": 9909, "_timestamp": 1613634048}