{"loss": 0.056714583188295364, "R@1": 0.6838027302914771, "R@2": 0.7793629319886852, "R@4": 0.8557373016849096, "R@8": 0.906284589841348, "R@16": 0.9449022260484565, "R@32": 0.9685155577419752, "_step": 59, "_runtime": 9793, "_timestamp": 1612438983}