{"loss": 0.07239582389593124, "R@1": 0.5541863605671843, "R@2": 0.6767386900742741, "R@4": 0.7716070222822418, "R@8": 0.8558406482106685, "R@16": 0.9098582039162728, "R@32": 0.9480081026333559, "_step": 59, "_runtime": 6138, "_timestamp": 1615137213}