{"loss": 0.2540627121925354, "R@1": 0.21190505472881566, "R@2": 0.30611240929774935, "R@4": 0.414709137867421, "R@8": 0.543229615053499, "R@16": 0.6790062722912311, "R@32": 0.7948591809125569, "_step": 17, "_runtime": 2957, "_timestamp": 1613653390}