{"loss": 0.9971092939376831, "R@1": 0.72672488008855, "R@2": 0.8153978600418152, "R@4": 0.8815643832246957, "R@8": 0.9278071577911696, "R@16": 0.9581847251260608, "R@32": 0.9808141679990161, "_step": 98, "_runtime": 19412, "_timestamp": 1613553991}