{"loss": 0.047765735536813736, "R@1": 0.5594193112761647, "R@2": 0.6792707629979743, "R@4": 0.7793720459149224, "R@8": 0.8592167454422688, "R@16": 0.912559081701553, "R@32": 0.950877785280216, "_step": 59, "_runtime": 6129, "_timestamp": 1615119578}