{"loss": 1.017183780670166, "R@1": 0.7563645308080187, "R@2": 0.8434386914278686, "R@4": 0.8981675070717009, "R@8": 0.9377690320993728, "R@16": 0.9645800024597221, "R@32": 0.9825359734350019, "_step": 59, "_runtime": 10103, "_timestamp": 1613586855}