{"loss": 0.11517302691936493, "R@1": 0.030377567334891158, "R@2": 0.05165416307957201, "R@4": 0.08326159144016726, "R@8": 0.13479276841716886, "R@16": 0.22112901242159635, "R@32": 0.36576066904439797, "_step": 1, "_runtime": 448, "_timestamp": 1614692397}