{"loss": 12.847070693969727, "R@1": 0.4433648997663264, "R@2": 0.5622924609519124, "R@4": 0.6793752305989423, "R@8": 0.7906776534251629, "R@16": 0.8799655638912803, "R@32": 0.9423195178944779, "_step": 0, "_runtime": 299, "_timestamp": 1612777033}