{"loss": 0.09864531457424164, "R@1": 0.6199729430574346, "R@2": 0.7307834214733735, "R@4": 0.8210552207600541, "R@8": 0.8873447300455048, "R@16": 0.9326036157914156, "R@32": 0.9648259746648629, "_step": 59, "_runtime": 10333, "_timestamp": 1613994500}