{"loss": 0.8008183240890503, "R@1": 0.2810232443733858, "R@2": 0.38285573730168493, "R@4": 0.49907760423072195, "R@8": 0.6204648874677161, "R@16": 0.7353339072684787, "R@32": 0.8317550116836797, "_step": 0, "_runtime": 241, "_timestamp": 1613650333}