{"loss": 0.47796428203582764, "R@1": 0.28704956339933585, "R@2": 0.389496986840487, "R@4": 0.5113762144877629, "R@8": 0.6469068995203542, "R@16": 0.775673348911573, "R@32": 0.8786127167630058, "_step": 1, "_runtime": 409, "_timestamp": 1612751189}