{"loss": 29.754499435424805, "R@1": 0.3812569179682696, "R@2": 0.4910835075636453, "R@4": 0.600910097159021, "R@8": 0.7113516172672488, "R@16": 0.8104784159389989, "R@32": 0.8808264666092731, "_step": 0, "_runtime": 263, "_timestamp": 1614082939}