{"loss": 2.960127115249634, "R@1": 0.28483581355306853, "R@2": 0.40105768048210555, "R@4": 0.5150657975648751, "R@8": 0.6448161357766572, "R@16": 0.7584552945517157, "R@32": 0.8547534128643464, "_step": 59, "_runtime": 9717, "_timestamp": 1612626954}