{"loss": 0.26978644728660583, "R@1": 0.20538679129258394, "R@2": 0.2927069241175747, "R@4": 0.41003566596974544, "R@8": 0.5373262821301193, "R@16": 0.6700282868035912, "R@32": 0.7844053621940721, "_step": 2, "_runtime": 673, "_timestamp": 1613451882}