{"loss": 0.8611156344413757, "R@1": 0.7400073791661542, "R@2": 0.8165047349649489, "R@4": 0.8786127167630058, "R@8": 0.9193211167138113, "R@16": 0.9489607674332801, "R@32": 0.9697454187676793, "_step": 99, "_runtime": 20125, "_timestamp": 1613505510}