{"loss": 1.014726996421814, "R@1": 0.7371786988070348, "R@2": 0.8270815397860042, "R@4": 0.88586889681466, "R@8": 0.9295289632271553, "R@16": 0.9601525027671873, "R@32": 0.9790923625630303, "_step": 15, "_runtime": 3247, "_timestamp": 1613560628}