{"loss": 0.04682936891913414, "R@1": 0.6080432911081047, "R@2": 0.7140573115237978, "R@4": 0.8043291108104784, "R@8": 0.8707416061984996, "R@16": 0.9211659082523674, "R@32": 0.9549870864592301, "_step": 59, "_runtime": 15212, "_timestamp": 1614324616}