{"loss": 1.0578104257583618, "R@1": 0.04292214979707293, "R@2": 0.07256180051654162, "R@4": 0.12298610257040954, "R@8": 0.19407206985610626, "R@16": 0.30488254827204525, "R@32": 0.46193580125445827, "_step": 31, "_runtime": 5953, "_timestamp": 1614022402}