{"loss": 0.4876936972141266, "R@1": 0.311400811708277, "R@2": 0.42467101217562414, "R@4": 0.5491329479768786, "R@8": 0.6761775919321117, "R@16": 0.7835444594760792, "R@32": 0.8825482720452589, "_step": 0, "_runtime": 238, "_timestamp": 1613589572}