{"loss": 2.5, "R@1": 0.10773582585167876, "R@2": 0.16713811339318657, "R@4": 0.2460951912433895, "R@8": 0.3635469191981306, "R@16": 0.5079326036157914, "R@32": 0.6640019677776411, "_step": 3, "_runtime": 887, "_timestamp": 1613483933}