{"loss": 0.05621658265590668, "R@1": 0.44004427499692533, "R@2": 0.559463780592793, "R@4": 0.6792522444963719, "R@8": 0.7909236256303038, "R@16": 0.8808264666092731, "R@32": 0.9428114623047595, "_step": 0, "_runtime": 175, "_timestamp": 1614015611}