{"loss": 0.06655468791723251, "R@1": 0.6799901611117943, "R@2": 0.7778870987578403, "R@4": 0.8548763989669167, "R@8": 0.9067765342516295, "R@16": 0.9447792399458861, "R@32": 0.9692534743573976, "_step": 59, "_runtime": 10396, "_timestamp": 1613806432}