{"loss": 0.06860939413309097, "R@1": 0.5315665091154625, "R@2": 0.6542876434841324, "R@4": 0.7533760972316003, "R@8": 0.837272113436867, "R@16": 0.8977042538825118, "R@32": 0.9382174206617151, "_step": 59, "_runtime": 6314, "_timestamp": 1614868770}