{"loss": 0.7302672863006592, "R@1": 0.44127413602262944, "R@2": 0.5590948222850818, "R@4": 0.675070717008978, "R@8": 0.7877259869634732, "R@16": 0.8760300086090271, "R@32": 0.9433034067150412, "_step": 0, "_runtime": 293, "_timestamp": 1613533592}