{"loss": 0.5093815326690674, "R@1": 0.744434878858689, "R@2": 0.8297872340425532, "R@4": 0.8886975771737794, "R@8": 0.9318656991759932, "R@16": 0.9621202804083139, "R@32": 0.9810601402041569, "_step": 99, "_runtime": 19809, "_timestamp": 1613420436}