{"loss": 9.318472862243652, "R@1": 0.014389374000737917, "R@2": 0.02767187307834215, "R@4": 0.05435985733612102, "R@8": 0.09666707662034191, "R@16": 0.17082769647029886, "R@32": 0.30106997909236255, "_step": 4, "_runtime": 988, "_timestamp": 1614082523}