{"loss": 0.36546364426612854, "R@1": 0.7382855737301685, "R@2": 0.8316320255811094, "R@4": 0.8960767433280039, "R@8": 0.9428114623047595, "R@16": 0.9709752797933834, "R@32": 0.9856106259992621, "_step": 59, "_runtime": 9742, "_timestamp": 1612637870}