{"loss": 0.046963758766651154, "R@1": 0.6225556512114131, "R@2": 0.7307834214733735, "R@4": 0.8118312630672734, "R@8": 0.8738162587627598, "R@16": 0.9226417414832124, "R@32": 0.9552330586643709, "_step": 59, "_runtime": 12394, "_timestamp": 1613299906}