{"loss": 0.11023510992527008, "R@1": 0.4946501045381872, "R@2": 0.6214487762882794, "R@4": 0.7295535604476694, "R@8": 0.8260976509654409, "R@16": 0.8949698684048703, "R@32": 0.9375230598942319, "_step": 59, "_runtime": 9821, "_timestamp": 1612469940}